B_obs_G,B_frac_percent,lambda_mm,nabla_N_pred,R_squared
10.0,21.2766,150.0,0.00667048,0.998
20.0,42.5532,75.0,0.01334096,0.998
35.0,74.4681,42.86,0.023345123658422774,0.998
42.0,89.3617,35.71,0.02801937832539905,0.998
45.0,95.7447,33.33,0.030020162016201623,0.998
